{
  "ModId": "XuanYuan_Mastemon0000",
  "ModName": "数码兽强化 & 传说装备",
  "ModAuthor": "玄元•莫斯提兽",
  "ModVersion": "1.8.0",
  "ModDescription": "莫斯提兽、帝皇龙兽：圣骑士形态、阿尔法兽（双形态）、奥米加兽\n闪光暴龙兽（双形态）、公爵兽（双形态）、光明兽（三形态）\n维纳斯兽\n传说装备：可以在夹缝剧场商店查看与购买。",
  "ModDll": "",
  "ModIcon": "Mastemon.png",
  "ModR2RManagedDll32": "",
  "ModR2RManagedDll64": "",
  "ModNativeDll32": "",
  "ModNativeDll64": "",
  "Tags": [],
  "CanUnload": null,
  "HasExports": null,
  "IsLibrary": false,
  "ReleaseMetadataFileName": "XuanYuan_Mastemon0000.ReleaseMetadata.json",
  "PluginData": {
    "GitHubDependencies": {
      "IdToConfigMap": {
        "DSTS.ModLoader": {
          "Config": {
            "UserName": "RyoTune",
            "RepositoryName": "DSTS.ModLoader",
            "UseReleaseTag": false,
            "AssetFileName": "Mod.zip"
          },
          "ReleaseMetadataName": "DSTS.ModLoader.ReleaseMetadata.json"
        },
        "DSTS.RyoFramework": {
          "Config": {
            "UserName": "RyoTune",
            "RepositoryName": "DSTS.RyoFramework",
            "UseReleaseTag": false,
            "AssetFileName": "Mod.zip"
          },
          "ReleaseMetadataName": "DSTS.RyoFramework.ReleaseMetadata.json"
        },
        "MVGL.FileLoader.Reloaded": {
          "Config": {
            "UserName": "RyoTune",
            "RepositoryName": "MVGL.FileLoader",
            "UseReleaseTag": false,
            "AssetFileName": "Mod.zip"
          },
          "ReleaseMetadataName": "MVGL.FileLoader.Reloaded.ReleaseMetadata.json"
        },
        "reloaded.sharedlib.hooks": {
          "Config": {
            "UserName": "Sewer56",
            "RepositoryName": "Reloaded.SharedLib.Hooks.ReloadedII",
            "UseReleaseTag": true,
            "AssetFileName": "reloaded.sharedlib.hooks.zip"
          },
          "ReleaseMetadataName": "Sewer56.Update.ReleaseMetadata.json"
        },
        "Ryo.Reloaded": {
          "Config": {
            "UserName": "RyoTune",
            "RepositoryName": "Ryo",
            "UseReleaseTag": false,
            "AssetFileName": "Mod.zip"
          },
          "ReleaseMetadataName": "Ryo.Reloaded.ReleaseMetadata.json"
        },
        "Reloaded.Memory.SigScan.ReloadedII": {
          "Config": {
            "UserName": "Reloaded-Project",
            "RepositoryName": "Reloaded.Memory.SigScan",
            "UseReleaseTag": false,
            "AssetFileName": "Mod.zip"
          },
          "ReleaseMetadataName": "Reloaded.Memory.SigScan.ReloadedII.ReleaseMetadata.json"
        },
        "SharedScans.Reloaded": {
          "Config": {
            "UserName": "RyoTune",
            "RepositoryName": "SharedScans",
            "UseReleaseTag": false,
            "AssetFileName": "Mod.zip"
          },
          "ReleaseMetadataName": "SharedScans.Reloaded.ReleaseMetadata.json"
        }
      }
    }
  },
  "IsUniversalMod": false,
  "ModDependencies": [
    "DSTS.ModLoader",
    "DSTS.RyoFramework",
    "MVGL.FileLoader.Reloaded",
    "reloaded.sharedlib.hooks",
    "Ryo.Reloaded"
  ],
  "OptionalDependencies": [],
  "SupportedAppId": [
    "digimon story time stranger.exe"
  ],
  "ProjectUrl": ""
}